id,first_name,last_name,email,gender,date_of_birth,country_of_birth
1,Crysta,Doerr,,Female,2025-08-06,China
2,Ciel,Dunford,cdunford1@oakley.com,Female,2025-12-17,China
3,Dusty,Corsar,dcorsar2@goodreads.com,Female,2026-04-12,Argentina
4,Roberta,Rasp,,Female,2025-12-15,Portugal
5,Pepita,Torrijos,,Non-binary,2026-01-14,China
6,Shayna,Girauld,sgirauld5@cyberchimps.com,Bigender,2025-12-29,Russia
7,Ted,Josefsohn,tjosefsohn6@hhs.gov,Male,2025-07-20,China
8,Cynde,Stove,,Female,2026-05-21,Mexico
9,Baryram,Sheffield,,Male,2025-07-10,Brazil
10,Ezekiel,Forgie,,Male,2025-12-11,Sweden
11,Byrle,Hamon,bhamona@sina.com.cn,Male,2025-07-06,Philippines
12,Gallard,Giffaut,,Male,2025-07-24,Portugal
13,Caitlin,Dowdeswell,cdowdeswellc@skype.com,Female,2025-08-23,Indonesia
14,Zarah,Busswell,zbusswelld@jalbum.net,Female,2026-01-06,Japan
15,Maggy,Paz,mpaze@yale.edu,Female,2025-08-12,Indonesia
16,Mendy,Screeton,mscreetonf@dmoz.org,Male,2026-03-24,Tajikistan
17,Benedick,McLaverty,bmclavertyg@dmoz.org,Male,2026-06-13,Poland
18,Roley,Mathieson,,Male,2026-03-01,China
19,Basil,Grady,bgradyi@bandcamp.com,Male,2025-10-13,Indonesia
20,Lynnette,Eplett,,Female,2025-11-20,Indonesia
21,Neal,Camellini,ncamellinik@themeforest.net,Male,2026-02-02,Thailand
22,Conrade,Sibille,,Male,2025-11-16,Ireland
23,Abigael,Rolfs,arolfsm@marriott.com,Female,2025-08-21,Indonesia
24,Filbert,Mouat,fmouatn@dell.com,Male,2025-08-08,Indonesia
25,Norry,Tschirschky,ntschirschkyo@mapquest.com,Female,2026-03-19,Portugal
26,Lanny,Grisdale,lgrisdalep@unc.edu,Male,2026-06-07,Canada
27,Chelsea,Britton,cbrittonq@sbwire.com,Female,2025-09-07,Denmark
28,Cal,Goodyear,cgoodyearr@w3.org,Male,2025-11-10,Burundi
29,Hugo,Manginot,hmanginots@nature.com,Male,2026-03-03,Argentina
30,Jacquie,Beedie,jbeediet@nymag.com,Female,2026-04-23,United States
31,Red,Hindge,,Non-binary,2025-08-01,Sweden
32,Jamaal,Gant,jgantv@chron.com,Male,2025-07-03,Japan
33,Ashby,Fenelow,afeneloww@php.net,Male,2026-01-28,Pakistan
34,Aggi,Halliberton,,Female,2026-02-09,Fiji
35,Austina,Durnall,adurnally@trellian.com,Female,2026-05-09,Bulgaria
36,Monte,Kapelhoff,mkapelhoffz@weibo.com,Male,2025-10-08,Sweden
37,Claudie,McGonigle,cmcgonigle10@vkontakte.ru,Female,2025-07-31,Peru
38,Rachel,Durban,rdurban11@youtube.com,Bigender,2026-03-28,Philippines
39,Orren,Sneath,,Male,2025-09-22,Russia
40,Case,Karby,ckarby13@sina.com.cn,Male,2025-07-21,Russia
41,Gare,Pedwell,,Male,2026-03-25,Syria
42,Aurore,Mobius,,Female,2026-05-23,Pakistan
43,Flss,Ball,fball16@istockphoto.com,Female,2026-03-23,Brazil
44,Tonnie,Friary,tfriary17@nationalgeographic.com,Male,2025-08-18,Haiti
45,Virgie,D'orsay,vdorsay18@usda.gov,Male,2025-08-19,China
46,Shari,Swift,sswift19@un.org,Female,2025-08-06,Indonesia
47,Marty,Maly,mmaly1a@psu.edu,Female,2025-12-11,Indonesia
48,Caleb,Hucquart,chucquart1b@phpbb.com,Male,2026-06-21,Poland
49,Udale,Allward,uallward1c@narod.ru,Male,2026-06-10,Pakistan
50,Shaylah,Gollard,sgollard1d@fda.gov,Female,2025-09-13,Mongolia
51,Maggee,Powney,mpowney1e@yellowbook.com,Female,2026-06-15,Brazil
52,Gareth,Permain,,Male,2025-12-12,Sweden
53,Whitman,Erwin,werwin1g@mozilla.org,Male,2026-04-29,Portugal
54,Jedediah,Bishopp,jbishopp1h@yellowbook.com,Male,2025-08-29,China
55,Maura,Carbine,mcarbine1i@com.com,Female,2025-11-16,Poland
56,Abbie,Hampstead,ahampstead1j@arizona.edu,Male,2026-02-01,Montenegro
57,Chrystal,Tinson,ctinson1k@reuters.com,Female,2026-05-08,China
58,Gregoor,Matteoli,,Male,2025-10-10,Albania
59,Greer,Gregoletti,ggregoletti1m@newyorker.com,Female,2026-02-23,China
60,Pollyanna,Scown,,Female,2026-03-08,Cuba
61,Shanna,Pagitt,spagitt1o@sogou.com,Female,2025-10-15,Indonesia
62,Pavla,Wearne,pwearne1p@cornell.edu,Female,2025-10-25,Mongolia
63,Anica,Gornal,,Female,2026-01-08,France
64,Tannie,Prene,,Male,2026-03-07,United States
65,Udell,Spenclay,uspenclay1s@free.fr,Male,2026-05-16,United States
66,Jesse,Leffek,jleffek1t@samsung.com,Male,2025-11-21,Indonesia
67,Linus,Crangle,lcrangle1u@1688.com,Male,2025-10-20,China
68,Jerrome,Dineen,jdineen1v@biglobe.ne.jp,Male,2025-09-15,Cape Verde
69,Marleen,Watkiss,,Female,2026-02-09,Indonesia
70,Solomon,Glenn,sglenn1x@nydailynews.com,Male,2026-04-04,Cameroon
71,Janeta,Birtle,jbirtle1y@exblog.jp,Female,2025-06-26,China
72,Barclay,Balk,bbalk1z@nature.com,Male,2025-10-07,China
73,Ollie,Quelch,oquelch20@opera.com,Female,2025-11-11,Portugal
74,Reggis,McCloid,rmccloid21@constantcontact.com,Male,2026-06-17,Poland
75,Ellynn,Muffitt,emuffitt22@meetup.com,Female,2026-05-27,Ireland
76,Lammond,MacKettrick,lmackettrick23@vistaprint.com,Male,2025-11-18,Colombia
77,Jeri,Skellington,jskellington24@google.com,Female,2025-07-23,China
78,Rockwell,Grombridge,,Male,2025-12-10,Sweden
79,Martha,Giampietro,,Female,2025-11-19,China
80,Costa,Randalston,,Male,2026-05-24,Russia
81,Elias,Amesbury,eamesbury28@seattletimes.com,Genderfluid,2026-05-05,Mexico
82,Layton,Mufford,lmufford29@time.com,Male,2025-08-07,Brazil
83,Kalil,Castleton,kcastleton2a@answers.com,Male,2026-04-16,French Guiana
84,Michel,Roch,,Male,2025-08-15,Poland
85,Giustina,Carolan,gcarolan2c@github.com,Female,2026-06-16,Nicaragua
86,Sibelle,Maydway,smaydway2d@google.ru,Female,2025-10-09,Nigeria
87,Titos,Cockarill,,Male,2025-11-25,Russia
88,Darrin,Messum,dmessum2f@wikispaces.com,Male,2026-06-15,Poland
89,Caesar,Blaxton,cblaxton2g@newsvine.com,Male,2025-08-31,Serbia
90,Gus,Itzhaki,gitzhaki2h@si.edu,Female,2025-07-04,China
91,Kinsley,Wife,kwife2i@webeden.co.uk,Male,2025-12-17,Philippines
92,Ches,Kimmince,,Male,2025-07-01,Sweden
93,Erskine,Beat,ebeat2k@timesonline.co.uk,Male,2026-04-03,Argentina
94,Ainsley,Jerrems,ajerrems2l@smh.com.au,Female,2025-08-29,Indonesia
95,Daniel,Stiles,,Male,2025-08-29,Canada
96,Lorrin,Dickens,,Female,2026-03-04,Philippines
97,Lilah,Blackeby,,Female,2026-06-20,Sweden
98,Karel,Clay,kclay2p@flavors.me,Male,2025-12-19,China
99,Becca,Sollowaye,bsollowaye2q@yolasite.com,Female,2026-01-10,Indonesia
100,Selestina,Sloat,ssloat2r@hubpages.com,Female,2025-12-17,Czech Republic
101,Tarrah,Batram,tbatram2s@godaddy.com,Female,2026-01-07,China
102,Masha,McCook,mmccook2t@list-manage.com,Female,2026-05-05,Brazil
103,Rosabelle,Collcutt,rcollcutt2u@webeden.co.uk,Female,2025-07-16,Malaysia
104,Constanta,Davidescu,,Female,2026-06-24,Colombia
105,Ninnetta,Maingot,,Genderfluid,2025-10-23,Indonesia
106,Lilli,Herreros,lherreros2x@ed.gov,Genderqueer,2026-04-05,Lithuania
107,Huberto,Gunthorpe,hgunthorpe2y@princeton.edu,Male,2026-05-26,Netherlands
108,Alia,Sahlstrom,,Female,2025-07-22,China
109,Antonina,Borth,aborth30@bandcamp.com,Female,2025-12-28,United Kingdom
110,Kristoforo,Kynastone,kkynastone31@zimbio.com,Male,2025-10-24,Indonesia
111,Alfy,Potapczuk,apotapczuk32@cbslocal.com,Male,2025-11-15,China
112,Stesha,Clurow,,Female,2025-08-06,Albania
113,Mabelle,Ladbury,,Female,2025-09-07,Portugal
114,Mommy,Itscowicz,,Female,2025-10-05,Poland
115,Mitzi,Smurfitt,msmurfitt36@cpanel.net,Female,2025-06-27,Sri Lanka
116,Paule,Swinley,pswinley37@geocities.com,Female,2025-07-02,Macedonia
117,Hastie,Ditty,hditty38@ebay.com,Male,2026-01-20,Chile
118,Mitchell,Cuerdale,mcuerdale39@oakley.com,Male,2026-06-16,China
119,Hulda,Raiman,,Non-binary,2025-10-17,Poland
120,Jany,Stanlock,jstanlock3b@wordpress.org,Female,2025-09-26,Russia
121,Ellswerth,Fyers,efyers3c@timesonline.co.uk,Male,2025-09-30,Argentina
122,Roseline,Menloe,rmenloe3d@guardian.co.uk,Female,2025-08-27,China
123,Mata,Ferminger,mferminger3e@instagram.com,Male,2025-08-02,Botswana
124,Darline,Collishaw,,Female,2025-06-28,Brazil
125,Cesaro,Itzkovsky,citzkovsky3g@reverbnation.com,Male,2026-01-15,Zimbabwe
126,Maegan,Champion,,Female,2026-05-03,Philippines
127,Annalise,Hordle,,Female,2025-12-22,Portugal
128,Lucienne,McIlhone,lmcilhone3j@ucoz.com,Genderqueer,2025-09-23,Philippines
129,Clarance,Prestney,cprestney3k@addthis.com,Male,2026-04-17,China
130,Orelee,Jambrozek,ojambrozek3l@hexun.com,Female,2026-06-05,Norway
131,Timi,Waddie,twaddie3m@gov.uk,Female,2026-01-26,Vietnam
132,Bobbye,Sharrem,,Female,2025-08-01,Brazil
133,Claudius,Bloxam,cbloxam3o@webeden.co.uk,Male,2025-07-27,Indonesia
134,Wilek,Gosson,,Male,2025-06-28,Georgia
135,Yul,Greenside,ygreenside3q@exblog.jp,Male,2025-07-11,China
136,Etti,Dannehl,,Female,2026-03-20,Indonesia
137,Mariele,Ipwell,mipwell3s@bizjournals.com,Female,2025-09-19,Indonesia
138,Hermia,Napoleon,,Female,2025-11-30,Russia
139,Carlynne,MacCague,cmaccague3u@bigcartel.com,Female,2026-04-04,China
140,Con,Lammiman,,Female,2025-12-30,Sweden
141,Jacklyn,Parvin,jparvin3w@fastcompany.com,Female,2025-09-07,China
142,Selinda,Pods,,Female,2025-09-30,Mauritius
143,Esteban,Gibbieson,,Male,2025-11-27,Vietnam
144,Sheffy,Gabe,sgabe3z@yale.edu,Male,2026-06-15,Peru
145,Martica,Beven,mbeven40@ca.gov,Female,2025-11-29,Indonesia
146,Mayor,Yitzhakov,,Bigender,2026-02-16,China
147,Jilleen,Selby,jselby42@bing.com,Female,2025-10-10,China
148,Damiano,Sweatland,dsweatland43@themeforest.net,Male,2025-11-30,Greece
149,Normy,Dran,ndran44@live.com,Male,2026-03-20,Serbia
150,Ingar,L'Hommeau,ilhommeau45@nba.com,Male,2025-10-30,China
151,Leta,Brader,,Female,2025-09-04,China
152,Henka,Vallis,hvallis47@salon.com,Female,2025-12-19,Latvia
153,Saxe,Darbon,sdarbon48@bloglovin.com,Genderfluid,2026-03-10,Indonesia
154,Malva,Tebbutt,mtebbutt49@sun.com,Female,2025-07-16,France
155,Townsend,Savine,,Male,2025-06-26,United States
156,Lindsay,Grigoire,,Female,2025-11-15,Belarus
157,Jessi,Beeson,jbeeson4c@barnesandnoble.com,Female,2026-01-26,China
158,Liana,Pedrol,,Female,2026-02-06,Thailand
159,Rowen,Annice,rannice4e@who.int,Male,2025-08-17,Czech Republic
160,Monty,Jagiela,mjagiela4f@unesco.org,Male,2025-07-23,Vietnam
161,Linda,Olivet,lolivet4g@csmonitor.com,Female,2025-12-02,China
162,Harwilll,Ballister,hballister4h@boston.com,Male,2025-10-19,China
163,Alysia,Berre,aberre4i@vinaora.com,Female,2025-12-19,Indonesia
164,Giacopo,Hurley,ghurley4j@ucoz.ru,Male,2025-08-18,Morocco
165,Caye,Rodbourne,,Female,2026-01-16,South Africa
166,Jocelyne,Jeppe,jjeppe4l@patch.com,Female,2025-07-01,Russia
167,Ulrich,Lampet,ulampet4m@wikipedia.org,Male,2026-05-28,Japan
168,Kenton,Carlisle,,Male,2026-04-18,Norway
169,Herrick,Waulker,,Male,2025-09-06,Colombia
170,Natalya,Klemke,nklemke4p@scientificamerican.com,Genderqueer,2025-10-18,Dominican Republic
171,Emmott,Padilla,epadilla4q@disqus.com,Male,2026-02-16,China
172,Kerstin,Le Marchand,,Female,2026-01-03,Japan
173,Cos,Risdale,crisdale4s@devhub.com,Male,2026-01-10,Russia
174,Ellene,Betton,ebetton4t@netlog.com,Polygender,2025-11-18,Russia
175,Seumas,Morter,smorter4u@cafepress.com,Polygender,2026-05-18,Ukraine
176,Klemens,Kite,,Male,2026-05-26,Indonesia
177,Wileen,Fruish,wfruish4w@nasa.gov,Female,2025-10-29,China
178,Tabbie,de'-Ancy Willis,,Male,2025-11-21,Russia
179,Iorgos,Vasilechko,ivasilechko4y@bloglines.com,Male,2025-06-26,China
180,Clyde,Duchan,cduchan4z@wisc.edu,Male,2026-05-17,Indonesia
181,Kailey,Limming,klimming50@barnesandnoble.com,Female,2026-01-30,Philippines
182,Emelda,Beggs,ebeggs51@creativecommons.org,Female,2025-06-26,Philippines
183,Tresa,Torricina,ttorricina52@gov.uk,Female,2025-09-06,Morocco
184,Austina,Featenby,afeatenby53@linkedin.com,Female,2026-06-02,Portugal
185,Sharline,Castelot,,Female,2026-05-26,United States
186,Samara,Davidi,sdavidi55@marketwatch.com,Bigender,2025-07-06,China
187,Wildon,Lyall,wlyall56@smh.com.au,Male,2025-10-05,Croatia
188,Stafford,Swaysland,sswaysland57@jigsy.com,Male,2025-12-16,Indonesia
189,Katrinka,Hubbucke,,Female,2025-12-26,China
190,Charlie,Wabersinke,,Male,2026-01-31,Thailand
191,Brew,Trott,btrott5a@plala.or.jp,Male,2025-09-04,Indonesia
192,Jeno,Bosence,,Male,2025-09-07,Greece
193,Pauline,Spykings,pspykings5c@cyberchimps.com,Female,2026-03-28,Greece
194,Rosalinda,Arrington,,Female,2025-09-06,China
195,Auguste,Brunini,,Female,2026-01-24,China
196,Collie,Jelley,cjelley5f@unicef.org,Female,2025-06-28,Poland
197,Liv,Downes,,Female,2026-03-01,Armenia
198,Honey,Kibbe,hkibbe5h@angelfire.com,Female,2026-05-21,Lithuania
199,Jordain,Lumsdon,jlumsdon5i@bloomberg.com,Female,2025-08-13,Norway
200,Zack,Eary,zeary5j@prweb.com,Male,2026-01-16,Indonesia
201,Atalanta,Fairhead,afairhead5k@live.com,Female,2026-04-11,China
202,Stephan,Binden,,Male,2026-03-28,Russia
203,Kelbee,Heskey,,Male,2026-01-02,Poland
204,Jud,Craydon,,Male,2025-07-02,China
205,Romona,Prinett,rprinett5o@de.vu,Female,2025-11-16,Colombia
206,Ely,Sclanders,,Male,2026-01-27,Russia
207,Annalise,Hengoed,ahengoed5q@unc.edu,Female,2026-06-01,Sri Lanka
208,Crawford,Joyson,cjoyson5r@topsy.com,Genderfluid,2025-12-19,China
209,Henryetta,Warrier,hwarrier5s@nba.com,Female,2026-02-19,Ukraine
210,Janette,Sleeman,,Polygender,2025-07-01,Indonesia
211,Merl,Brookbank,mbrookbank5u@blogs.com,Female,2025-12-10,South Korea
212,Giraldo,McSkeagan,gmcskeagan5v@about.me,Male,2025-08-01,China
213,Tobe,Paskell,tpaskell5w@deliciousdays.com,Female,2025-08-11,Indonesia
214,Salmon,McFeate,smcfeate5x@liveinternet.ru,Male,2025-12-29,China
215,Osbert,Adcocks,,Male,2026-03-04,Indonesia
216,Haven,Kirkhouse,hkirkhouse5z@miibeian.gov.cn,Male,2026-03-24,France
217,Eric,Kenion,ekenion60@alexa.com,Male,2026-03-08,Morocco
218,Heidie,Magog,,Female,2025-09-29,Madagascar
219,Finn,De Ruggero,,Male,2025-08-15,Slovenia
220,Maxy,Allard,,Male,2025-07-17,Pakistan
221,Derek,Lunck,dlunck64@dagondesign.com,Male,2026-05-21,Poland
222,Augusto,Langstaff,alangstaff65@salon.com,Male,2025-11-29,Poland
223,Joyann,Brownfield,jbrownfield66@ebay.com,Female,2026-03-23,Tajikistan
224,Phedra,Lindop,plindop67@ycombinator.com,Female,2025-08-29,Japan
225,Layney,Byfford,lbyfford68@mit.edu,Female,2026-02-11,China
226,Darryl,Carson,,Female,2025-11-15,China
227,Jenn,Sellek,jsellek6a@bing.com,Female,2026-06-04,Philippines
228,Adelice,Clerke,aclerke6b@booking.com,Female,2026-03-21,Sweden
229,Amy,Husk,,Agender,2025-09-24,China
230,Franciskus,Chilley,fchilley6d@ameblo.jp,Male,2025-08-27,Morocco
231,Micki,Sealy,msealy6e@google.fr,Female,2025-08-12,Peru
232,Barbi,Pool,,Female,2026-02-15,China
233,Agnes,Bredee,,Female,2026-03-17,Czech Republic
234,Byrann,Weitzel,bweitzel6h@cnn.com,Male,2026-04-12,Philippines
235,Wallis,Desantis,wdesantis6i@umich.edu,Male,2025-07-24,Lesotho
236,Mercy,Ottam,,Non-binary,2025-12-19,Dominican Republic
237,Kort,Balducci,,Polygender,2025-10-23,France
238,Jonathan,Bohills,,Male,2025-12-12,China
239,Jeremiah,McCrainor,,Male,2025-11-12,Syria
240,Krista,Antcliff,,Female,2026-04-24,Argentina
241,Gail,Sargant,gsargant6o@de.vu,Male,2026-04-03,Uruguay
242,Jorrie,Hallowell,jhallowell6p@imdb.com,Female,2026-02-22,Poland
243,Gerhard,Yoslowitz,,Male,2025-12-03,Albania
244,Marcy,Burr,mburr6r@skype.com,Female,2025-10-27,Argentina
245,Aharon,Juorio,,Male,2025-07-28,United States
246,Kakalina,Drayton,kdrayton6t@ucla.edu,Female,2025-12-10,Indonesia
247,Brett,Duffield,,Female,2026-04-16,Indonesia
248,Aloysia,Carlisso,acarlisso6v@webeden.co.uk,Female,2025-10-13,Brazil
249,Gabrila,Rilston,,Female,2025-11-21,Palau
250,Gill,Reffe,,Female,2025-11-29,China
251,Ara,Ravens,aravens6y@sina.com.cn,Male,2026-01-31,France
252,Daniele,Davitashvili,ddavitashvili6z@cocolog-nifty.com,Female,2026-02-22,Iceland
253,Reed,Blaisdell,,Male,2026-02-16,China
254,Vilma,Schmidt,,Female,2026-01-11,Czech Republic
255,Shirleen,Copello,scopello72@diigo.com,Female,2026-05-12,China
256,Skelly,Pollard,spollard73@archive.org,Male,2026-05-20,Philippines
257,Mary,Perfili,,Female,2026-06-09,Indonesia
258,Edwin,McKeating,emckeating75@netlog.com,Agender,2025-11-30,Australia
259,Faith,Kleynen,fkleynen76@netlog.com,Female,2026-06-07,Germany
260,Benton,Firpi,,Male,2025-08-22,China
261,Ivy,Pendleberry,ipendleberry78@ted.com,Female,2025-07-24,China
262,Yolanda,Vinsen,yvinsen79@ameblo.jp,Female,2026-05-31,France
263,Kit,Braybrookes,kbraybrookes7a@over-blog.com,Female,2025-11-06,Philippines
264,Eunice,Meakin,emeakin7b@jigsy.com,Female,2025-08-12,China
265,Corette,Roddell,croddell7c@cnbc.com,Female,2025-09-07,Sweden
266,Roz,Hamor,rhamor7d@canalblog.com,Female,2025-11-08,Portugal
267,Sarita,Moyer,smoyer7e@miibeian.gov.cn,Female,2025-12-16,Portugal
268,Franklyn,Thicking,fthicking7f@domainmarket.com,Male,2026-02-03,Mali
269,Harper,Orange,horange7g@accuweather.com,Male,2026-06-18,China
270,Boycey,Roch,,Male,2026-06-10,Haiti
271,Morrie,Wilflinger,mwilflinger7i@slashdot.org,Male,2026-06-02,Philippines
272,Janos,De Hailes,jdehailes7j@sciencedaily.com,Male,2025-08-24,France
273,Tory,Brislen,tbrislen7k@e-recht24.de,Female,2025-07-18,Ecuador
274,Cristin,Bromfield,,Female,2025-11-03,China
275,Urban,Tonepohl,utonepohl7m@t.co,Male,2026-02-13,Canada
276,Kyle,Float,,Female,2025-09-17,Azerbaijan
277,Edd,Toffetto,,Male,2025-07-04,France
278,Tiff,Cawkwell,,Polygender,2026-02-04,China
279,Jewell,Jorat,,Female,2026-01-04,Bangladesh
280,Kristo,Andryunin,kandryunin7r@spotify.com,Male,2025-12-10,Czech Republic
281,Melesa,Seldon,,Female,2026-05-23,Ukraine
282,Una,Kimmel,ukimmel7t@slashdot.org,Female,2026-01-03,China
283,Jarid,Tixier,jtixier7u@ca.gov,Male,2025-10-26,Poland
284,Claudianus,Matevosian,cmatevosian7v@g.co,Male,2025-06-26,Sweden
285,Natassia,Yarrington,,Female,2025-11-18,Guatemala
286,Ferrell,Ceresa,fceresa7x@japanpost.jp,Male,2025-06-29,Russia
287,Tadd,Cowden,tcowden7y@wiley.com,Male,2026-02-03,Iraq
288,Giorgi,Broadbear,,Male,2025-07-29,Mexico
289,Daphna,Millan,dmillan80@cdc.gov,Female,2025-08-17,Japan
290,Shannon,Ackred,sackred81@exblog.jp,Genderqueer,2026-04-03,Philippines
291,Hayes,Croston,hcroston82@china.com.cn,Male,2026-03-08,Indonesia
292,Lindon,Thulborn,lthulborn83@wikipedia.org,Male,2025-09-12,Poland
293,Crawford,Eliyahu,celiyahu84@vk.com,Male,2025-07-11,United States
294,Sammie,Siddall,,Male,2026-03-22,Russia
295,Faythe,Fulcher,,Female,2025-08-22,France
296,Lorinda,Laven,llaven87@soup.io,Female,2026-04-03,China
297,Nevsa,Prose,,Female,2026-06-02,China
298,Benyamin,Leyrroyd,bleyrroyd89@g.co,Male,2026-06-15,Indonesia
299,Sharron,Andrag,sandrag8a@netvibes.com,Female,2026-03-20,Argentina
300,Dunn,Jilkes,djilkes8b@liveinternet.ru,Male,2026-05-31,Philippines
301,Freddy,Kindread,fkindread8c@irs.gov,Agender,2025-07-22,Indonesia
302,Alick,Onge,aonge8d@4shared.com,Male,2025-09-24,Luxembourg
303,Danice,Iacomelli,diacomelli8e@google.ru,Female,2025-10-07,United States
304,Bren,Scramage,bscramage8f@jiathis.com,Male,2026-03-17,Brazil
305,Merlina,De Cruce,,Female,2026-03-13,Egypt
306,Gradey,Hargess,ghargess8h@biglobe.ne.jp,Male,2026-02-17,Czech Republic
307,Brittaney,Blankley,bblankley8i@seattletimes.com,Female,2026-03-11,Portugal
308,Vivia,Lillecrap,,Female,2026-06-05,Philippines
309,Stearn,Firmage,,Male,2025-09-16,China
310,Hayyim,Fildes,hfildes8l@blogtalkradio.com,Male,2025-10-12,Nicaragua
311,Kingsly,O'Fihily,,Male,2026-04-28,Israel
312,Minerva,Allberry,,Female,2025-09-22,Indonesia
313,Evan,Chessill,echessill8o@altervista.org,Male,2025-07-27,China
314,Alexandr,Lyptrade,alyptrade8p@ft.com,Male,2025-12-20,Nicaragua
315,Henry,Poleykett,hpoleykett8q@goodreads.com,Genderfluid,2025-10-09,China
316,Olivette,Beswick,,Female,2025-08-25,Russia
317,Doris,Priddle,dpriddle8s@google.cn,Female,2026-03-23,Nigeria
318,Teri,Dunkerton,,Female,2025-10-02,Yemen
319,Brade,Osmund,bosmund8u@china.com.cn,Male,2025-11-17,China
320,Walt,Drohane,,Male,2025-09-23,Sweden
321,Rogers,Florez,rflorez8w@eventbrite.com,Male,2026-03-21,France
322,Bertrand,Goomes,,Male,2026-04-21,Indonesia
323,Bjorn,Lambourn,blambourn8y@acquirethisname.com,Male,2025-08-10,Greece
324,Noemi,Stutt,,Female,2026-05-04,China
325,Etienne,Facchini,,Male,2025-08-04,Honduras
326,Koressa,Withey,,Female,2025-08-27,Sweden
327,Sayers,Starte,sstarte92@bluehost.com,Male,2026-06-20,China
328,Carlynne,Clilverd,cclilverd93@addthis.com,Female,2025-09-20,China
329,Merrel,Rissom,mrissom94@icio.us,Male,2025-12-07,Guatemala
330,Ara,Byham,abyham95@chronoengine.com,Female,2025-07-18,Croatia
331,Marcus,Petrou,,Male,2025-08-19,Portugal
332,Peta,Broom,pbroom97@cnet.com,Female,2026-04-15,Brazil
333,Ira,Antyshev,iantyshev98@so-net.ne.jp,Female,2026-01-22,Cuba
334,Kerby,Courtois,kcourtois99@arizona.edu,Male,2025-10-25,Portugal
335,Valeria,Phippin,,Female,2025-07-09,Poland
336,Sadie,Jerzycowski,,Female,2025-12-27,China
337,Odelle,Coneau,oconeau9c@theguardian.com,Female,2026-04-06,New Zealand
338,Magdalen,Burge,mburge9d@chron.com,Female,2025-11-02,China
339,Maribel,Guirardin,,Female,2025-09-12,Panama
340,Baird,Stowgill,,Male,2025-12-26,Indonesia
341,Kermy,Linfield,,Male,2025-10-10,Mexico
342,Kristian,Pietruszka,,Male,2026-02-20,Russia
343,Alfi,Shrieves,,Female,2026-06-13,Japan
344,Ettore,Vagg,evagg9j@forbes.com,Male,2026-02-18,Argentina
345,Elka,Pursey,,Female,2026-06-20,Bulgaria
346,Louella,Duffan,lduffan9l@ustream.tv,Female,2025-08-06,Sweden
347,Genevieve,Lanahan,glanahan9m@comsenz.com,Female,2026-05-19,Sri Lanka
348,Yancy,Norbury,ynorbury9n@nature.com,Male,2025-11-13,Indonesia
349,Drud,Seelbach,,Male,2025-09-25,Netherlands
350,Mona,Fakes,,Female,2025-11-04,Greece
351,Say,Dumigan,sdumigan9q@booking.com,Male,2025-12-11,China
352,Agnella,Armer,aarmer9r@technorati.com,Genderfluid,2025-11-24,Paraguay
353,Mervin,Meagher,mmeagher9s@t.co,Male,2026-04-03,China
354,Krissy,Lanchberry,,Female,2026-06-04,Brazil
355,Roch,Edis,redis9u@ihg.com,Agender,2026-02-17,Brazil
356,Giordano,Whitters,,Male,2025-08-22,Poland
357,Maureene,McGinnis,mmcginnis9w@nps.gov,Female,2026-02-15,China
358,Prudence,Wanstall,pwanstall9x@phoca.cz,Female,2026-01-30,China
359,Elsbeth,Frude,efrude9y@state.gov,Genderfluid,2026-05-05,China
360,Shannan,Patmore,,Male,2025-12-10,Azerbaijan
361,Debera,Crosse,,Female,2025-12-14,China
362,Heddie,Heindrick,hheindricka1@addtoany.com,Female,2025-08-21,China
363,Ninnette,Rulten,nrultena2@wix.com,Female,2025-07-16,Colombia
364,Stirling,Hanster,shanstera3@cdbaby.com,Male,2026-01-27,China
365,Blakelee,Vonderdell,bvonderdella4@timesonline.co.uk,Female,2025-12-28,Afghanistan
366,Barn,Dudden,bduddena5@ox.ac.uk,Male,2026-01-05,China
367,Sascha,Reeder,,Male,2025-10-28,Tanzania
368,Elyse,McDonagh,emcdonagha7@indiegogo.com,Female,2025-12-01,China
369,Lulu,Oxbury,loxburya8@npr.org,Genderfluid,2025-10-06,Guam
370,Margaretha,Claus,,Female,2026-05-12,Argentina
371,Leila,Sherwen,,Female,2026-06-16,China
372,Tate,Gergus,tgergusab@amazon.co.uk,Female,2026-01-02,Russia
373,Theo,Dotterill,,Female,2026-01-11,Colombia
374,Thekla,Churly,tchurlyad@yellowbook.com,Female,2025-11-27,Switzerland
375,Reggis,Privost,rprivostae@studiopress.com,Male,2026-01-09,Portugal
376,Alaster,Bullas,,Genderfluid,2026-05-14,Brazil
377,Gwenore,Surmeyer,gsurmeyerag@google.ca,Non-binary,2025-10-14,Mali
378,Nathalie,Briztman,nbriztmanah@tiny.cc,Female,2026-06-10,Uzbekistan
379,Gisela,Forty,gfortyai@japanpost.jp,Female,2026-01-14,China
380,Wilek,Cowap,,Male,2025-07-24,China
381,Mallorie,Tonnesen,mtonnesenak@jalbum.net,Female,2026-01-03,Dominican Republic
382,Herold,Sargint,hsargintal@hc360.com,Male,2025-08-20,Thailand
383,Ellette,Goose,,Female,2025-12-24,Moldova
384,Dana,Leban,dlebanan@webmd.com,Female,2025-10-27,Greece
385,Veriee,Fullun,vfullunao@ft.com,Female,2025-09-14,China
386,Marcos,Minchell,,Male,2026-06-04,Panama
387,Alvera,Ledstone,aledstoneaq@youtube.com,Female,2025-10-29,New Zealand
388,Eulalie,Chaulk,,Polygender,2026-03-06,Venezuela
389,Averil,Tibald,atibaldas@amazon.de,Female,2025-11-22,Ukraine
390,Jordan,Daly,,Genderqueer,2025-11-04,Russia
391,Becki,Myers,,Female,2025-10-06,Philippines
392,Kalle,Tither,ktitherav@google.com.hk,Male,2026-04-21,Czech Republic
393,Melessa,Alenshev,malenshevaw@cnbc.com,Female,2026-01-29,Japan
394,Kennett,Maggs,kmaggsax@arizona.edu,Male,2026-03-13,France
395,Ardys,Aynsley,aaynsleyay@seattletimes.com,Female,2025-07-08,Mexico
396,Shep,Dummer,sdummeraz@usa.gov,Non-binary,2026-02-01,Dominican Republic
397,Muriel,Crosham,,Female,2026-06-22,Indonesia
398,Kleon,Hubber,,Male,2025-09-08,Czech Republic
399,Xavier,Lempertz,,Male,2025-09-22,Russia
400,Adriaens,Mistry,,Female,2025-12-12,United States
401,Bridie,Linnane,blinnaneb4@bandcamp.com,Female,2026-03-11,Venezuela
402,Enrica,Lattey,elatteyb5@yolasite.com,Female,2025-12-18,Croatia
403,Huntley,Swire,hswireb6@free.fr,Male,2025-06-25,Macedonia
404,Roderick,Mallabon,rmallabonb7@pinterest.com,Male,2026-05-05,Russia
405,Jobey,Kloster,jklosterb8@hostgator.com,Female,2025-11-13,China
406,Wainwright,Sharvell,wsharvellb9@hp.com,Male,2026-04-01,Peru
407,Ruby,Maggs,rmaggsba@livejournal.com,Male,2026-04-24,China
408,Pascale,Agron,pagronbb@php.net,Male,2025-08-17,Portugal
409,Trumaine,Labell,,Male,2026-03-07,Pakistan
410,Franciska,Udale,fudalebd@printfriendly.com,Female,2025-12-16,Japan
411,Kelsey,Blackden,kblackdenbe@bandcamp.com,Polygender,2025-07-06,Russia
412,Lea,Dollen,ldollenbf@example.com,Female,2026-05-11,China
413,Kissee,Durnford,kdurnfordbg@loc.gov,Female,2026-04-16,Cambodia
414,Patsy,Singyard,psingyardbh@typepad.com,Male,2026-05-05,Greece
415,Orlando,Stowte,ostowtebi@time.com,Male,2025-09-30,Thailand
416,Peyter,Giovannelli,pgiovannellibj@phpbb.com,Male,2025-07-08,Indonesia
417,Maxwell,Vennart,,Male,2026-02-23,Peru
418,Garnet,Pentercost,gpentercostbl@mtv.com,Female,2026-03-27,China
419,Griffy,Perrington,gperringtonbm@mozilla.com,Male,2025-08-22,Brazil
420,Almira,Order,aorderbn@chronoengine.com,Female,2025-08-21,Ukraine
421,Rube,Riddell,rriddellbo@sun.com,Male,2025-09-07,Canada
422,Hilde,McGiff,hmcgiffbp@pen.io,Female,2025-11-09,Myanmar
423,Kessiah,Daoust,kdaoustbq@sakura.ne.jp,Female,2025-11-16,Russia
424,Stacee,Pimm,spimmbr@hud.gov,Female,2026-01-23,Ukraine
425,Thaddus,Corfield,,Male,2025-11-17,China
426,Jemie,Rubury,jruburybt@1und1.de,Female,2025-09-26,Russia
427,Alikee,Rubert,arubertbu@dmoz.org,Female,2026-01-02,Kazakhstan
428,Kerianne,Jasiak,,Female,2026-06-19,Indonesia
429,Darcy,Capron,dcapronbw@quantcast.com,Female,2026-05-20,Argentina
430,Aeriela,Humbert,,Female,2025-09-30,Papua New Guinea
431,Dulcea,Pirkis,dpirkisby@vkontakte.ru,Female,2025-08-04,Indonesia
432,Jaymee,Draycott,jdraycottbz@opensource.org,Female,2025-11-17,Philippines
433,Bernardo,Toulmin,btoulminc0@newyorker.com,Male,2025-12-27,China
434,Annecorinne,Claris,,Female,2026-03-21,China
435,Sibelle,Englishby,,Female,2025-09-15,Senegal
436,Agosto,Skydall,askydallc3@npr.org,Male,2026-04-10,Kazakhstan
437,Lucila,Aggs,laggsc4@domainmarket.com,Female,2026-02-21,Portugal
438,Leelah,Chinnock,lchinnockc5@cbsnews.com,Female,2026-06-11,Peru
439,Keen,Dilloway,,Male,2026-06-04,Azerbaijan
440,Jessi,Cammacke,,Female,2025-06-27,Ireland
441,Wald,Lyon,wlyonc8@wordpress.com,Male,2025-11-26,Portugal
442,Shepard,Dunhill,sdunhillc9@mozilla.com,Male,2026-06-23,Greece
443,Beck,Whewell,bwhewellca@businessweek.com,Male,2026-02-13,France
444,Sayer,Magwood,,Male,2025-08-24,Colombia
445,Finn,Speer,fspeercc@360.cn,Male,2025-07-12,Bosnia and Herzegovina
446,Sebastiano,Konig,skonigcd@gnu.org,Male,2026-06-13,Philippines
447,Irena,Kille,,Female,2025-11-25,Peru
448,Allyson,Goundry,agoundrycf@guardian.co.uk,Female,2025-09-30,Indonesia
449,Bunni,Keunemann,bkeunemanncg@cam.ac.uk,Female,2025-08-29,Japan
450,Pamella,Kerans,pkeransch@yahoo.co.jp,Female,2025-09-11,China
451,Minerva,Ropert,mropertci@nhs.uk,Female,2025-09-21,Kazakhstan
452,Ansell,Petrazzi,apetrazzicj@columbia.edu,Bigender,2025-08-03,Russia
453,Mohandas,Zuker,mzukerck@so-net.ne.jp,Male,2026-05-05,Indonesia
454,Frasier,Janecek,fjanecekcl@freewebs.com,Male,2026-01-04,China
455,Afton,Sidary,asidarycm@odnoklassniki.ru,Female,2025-11-24,Brazil
456,Moreen,Tenpenny,mtenpennycn@economist.com,Female,2025-10-07,China
457,Benoit,Godsal,bgodsalco@census.gov,Male,2025-11-08,Croatia
458,Kiley,McNelly,,Female,2026-02-06,Dominican Republic
459,Swen,Palffy,spalffycq@t-online.de,Male,2025-11-04,Argentina
460,Claire,Wheway,,Female,2025-12-23,Indonesia
461,Pietro,Burdin,pburdincs@themeforest.net,Male,2025-10-04,El Salvador
462,Philip,Bossons,pbossonsct@engadget.com,Male,2026-01-31,Brazil
463,Paulie,Champneys,pchampneyscu@chron.com,Female,2026-03-06,Russia
464,Arron,Iddison,aiddisoncv@un.org,Male,2025-10-05,Ukraine
465,Norton,Wemes,nwemescw@ehow.com,Male,2025-09-08,Sweden
466,Row,Coldman,rcoldmancx@163.com,Female,2025-12-18,Syria
467,Thedric,Lampl,tlamplcy@yandex.ru,Male,2025-11-09,China
468,Emilia,Oleszczak,,Female,2025-10-21,Indonesia
469,Harrie,Sabati,,Female,2026-02-28,China
470,Tudor,Ortells,,Male,2026-01-17,Russia
471,Taylor,Devon,tdevond2@telegraph.co.uk,Polygender,2026-06-11,Estonia
472,Virgie,Snook,vsnookd3@engadget.com,Female,2025-09-18,Vietnam
473,Gabby,Woodcroft,,Male,2026-01-14,Sweden
474,Devin,Fattori,dfattorid5@hibu.com,Genderqueer,2026-04-17,Mexico
475,Federica,D'Alessandro,fdalessandrod6@wikispaces.com,Female,2025-09-20,Mexico
476,Randee,Bruinemann,,Agender,2026-04-06,Brazil
477,Dorree,Gage,dgaged8@soup.io,Female,2026-05-12,Croatia
478,Brittan,Boissier,,Female,2025-11-09,China
479,Mario,Blinman,,Male,2026-04-21,China
480,Ban,Daveridge,bdaveridgedb@alibaba.com,Male,2026-02-21,Greece
481,Olvan,Ors,oorsdc@china.com.cn,Male,2025-10-17,Democratic Republic of the Congo
482,Elyssa,Stratley,estratleydd@yellowpages.com,Agender,2025-11-12,Portugal
483,Vicki,Spencelayh,vspencelayhde@arizona.edu,Female,2026-04-04,Argentina
484,Olimpia,Montel,omonteldf@xinhuanet.com,Female,2025-08-14,China
485,Starla,Maberley,,Female,2025-09-03,Indonesia
486,Mollee,Freen,mfreendh@fema.gov,Female,2026-02-07,Mexico
487,Zaccaria,Thoresby,zthoresbydi@php.net,Male,2026-02-12,France
488,Jeremias,Scotter,jscotterdj@buzzfeed.com,Male,2025-10-04,Sweden
489,Vito,Slocombe,,Male,2025-10-15,Tanzania
490,Cheston,Yukhin,,Male,2026-02-28,Brazil
491,Ludwig,Van der Velden,lvanderveldendm@seattletimes.com,Male,2026-02-22,Indonesia
492,Dix,Skelcher,dskelcherdn@jalbum.net,Female,2025-08-24,Ecuador
493,Augy,Orrell,aorrelldo@skyrock.com,Male,2025-08-09,Russia
494,Saleem,Margerrison,smargerrisondp@columbia.edu,Male,2025-08-01,Malaysia
495,Ricoriki,Streat,,Male,2025-12-11,China
496,Onfroi,Mosconi,omosconidr@twitpic.com,Male,2025-07-08,Japan
497,Flynn,Tippin,ftippinds@utexas.edu,Male,2026-01-08,Indonesia
498,Zacharie,Rosewarne,zrosewarnedt@apple.com,Male,2025-11-04,Ukraine
499,Zena,Eastmond,zeastmonddu@intel.com,Female,2025-08-12,Indonesia
500,Mildrid,Faulks,mfaulksdv@pen.io,Female,2026-03-12,France
501,Hoyt,Hauck,hhauckdw@yelp.com,Male,2026-03-03,Italy
502,Lucho,Coldrick,lcoldrickdx@goodreads.com,Male,2026-06-16,France
503,Sampson,Moulden,,Male,2026-01-05,Canada
504,Palmer,McArthur,,Male,2026-02-16,Equatorial Guinea
505,Kirsten,De Dei,,Female,2025-12-16,Sweden
506,Fiann,Quested,fquestede1@symantec.com,Female,2025-07-11,Peru
507,Wilt,Caverhill,wcaverhille2@bandcamp.com,Male,2025-09-02,Sweden
508,Leena,Boutcher,lboutchere3@dyndns.org,Female,2026-03-29,Argentina
509,Anabal,Langstaff,alangstaffe4@cpanel.net,Female,2025-08-17,China
510,Mandy,Lovel,mlovele5@ftc.gov,Female,2025-08-10,Philippines
511,Dean,Grzegorczyk,dgrzegorczyke6@addtoany.com,Male,2026-04-10,Morocco
512,Norry,Curl,ncurle7@salon.com,Male,2025-07-18,France
513,Lorrin,Antoniewicz,lantoniewicze8@goo.gl,Female,2025-08-14,China
514,Kania,Powdrill,kpowdrille9@moonfruit.com,Female,2025-09-10,Greece
515,Archibald,Finlry,afinlryea@domainmarket.com,Male,2026-05-05,China
516,Jaquelin,Beauvais,jbeauvaiseb@vk.com,Genderfluid,2026-01-17,Indonesia
517,Elwood,Lacroutz,elacroutzec@ehow.com,Male,2026-04-04,United States
518,Skippie,Zamorano,szamoranoed@jigsy.com,Male,2025-09-26,Russia
519,Kris,Bexley,kbexleyee@mapy.cz,Male,2026-02-22,Indonesia
520,Shannon,Danaher,,Female,2025-09-16,China
521,Cirilo,Laxston,claxstoneg@icq.com,Male,2025-12-06,Uzbekistan
522,Kennie,Burdin,,Male,2025-07-22,Philippines
523,Hillier,Flageul,hflageulei@list-manage.com,Male,2026-06-16,Peru
524,Cobb,Keerl,,Male,2025-09-18,Philippines
525,Nerita,Surgison,nsurgisonek@mtv.com,Female,2025-11-03,El Salvador
526,Daloris,Cancellieri,dcancellieriel@moonfruit.com,Female,2025-12-26,Indonesia
527,Dore,Bonsey,,Male,2026-05-04,Brazil
528,Aida,Noore,anooreen@ucoz.ru,Female,2026-04-08,Czech Republic
529,Marty,Sinclar,msinclareo@ning.com,Male,2025-12-25,China
530,Xenia,Malshinger,xmalshingerep@state.gov,Female,2025-12-10,South Africa
531,Ches,Hallowell,challowelleq@craigslist.org,Male,2026-01-22,Austria
532,Georg,Darree,gdarreeer@indiatimes.com,Male,2025-10-19,China
533,Liza,De La Cote,,Female,2025-12-18,China
534,Helli,Lyal,hlyalet@ox.ac.uk,Agender,2026-02-14,Norway
535,Conn,Pedgrift,,Male,2025-11-02,Cyprus
536,Jehu,Leeke,,Male,2025-07-31,China
537,Fiann,Merrick,fmerrickew@ameblo.jp,Female,2025-12-12,Poland
538,Johnathon,Botterell,jbotterellex@taobao.com,Agender,2026-05-17,China
539,Kendrick,Borgnol,,Male,2025-10-12,Indonesia
540,Tera,Elvidge,telvidgeez@sbwire.com,Female,2026-06-07,Gambia
541,Susy,Rossiter,srossiterf0@privacy.gov.au,Female,2025-10-24,China
542,Christos,Habbema,chabbemaf1@blog.com,Male,2026-03-19,Argentina
543,Hynda,MacKimm,hmackimmf2@com.com,Female,2025-08-04,Japan
544,Timmie,Harce,,Male,2025-11-25,Cameroon
545,Essa,Gecke,,Female,2025-08-30,Japan
546,Ardella,Allsepp,aallseppf5@kickstarter.com,Female,2025-09-02,France
547,Lisbeth,Peter,lpeterf6@seesaa.net,Female,2025-11-04,China
548,Brandtr,Blodget,bblodgetf7@slate.com,Male,2026-02-20,China
549,Dominica,De Ferraris,ddeferrarisf8@google.nl,Genderfluid,2025-07-19,Peru
550,Daffy,Ewence,dewencef9@mapy.cz,Female,2026-04-06,Russia
551,Elisha,Wells,ewellsfa@home.pl,Male,2026-05-19,Mexico
552,Leia,MacCathay,lmaccathayfb@php.net,Female,2026-03-07,Canada
553,Zena,Redan,zredanfc@ucla.edu,Female,2025-08-15,Sweden
554,Kerianne,May,kmayfd@ucla.edu,Female,2026-02-26,Kazakhstan
555,Sigrid,Heeran,sheeranfe@w3.org,Female,2025-08-22,Indonesia
556,Holly,Tinston,,Non-binary,2026-02-23,Germany
557,Laetitia,O'Donegan,,Female,2026-02-19,United States
558,Jeramey,Sebrens,jsebrensfh@indiegogo.com,Male,2025-12-11,Sweden
559,Dinah,McBrier,dmcbrierfi@yale.edu,Female,2026-06-09,China
560,Gussi,Bartelet,gbarteletfj@eepurl.com,Bigender,2026-05-14,Russia
561,Rusty,Guerner,rguernerfk@desdev.cn,Agender,2025-10-23,Serbia
562,Hunfredo,Alderwick,halderwickfl@aol.com,Male,2025-07-11,Sri Lanka
563,Nicol,Harlett,nharlettfm@blogs.com,Male,2025-11-25,Moldova
564,Yvonne,Mushart,ymushartfn@creativecommons.org,Female,2025-08-23,Finland
565,Gleda,Meldrum,,Female,2026-04-14,Afghanistan
566,Earl,Haversum,,Male,2026-02-07,Haiti
567,Lucretia,Poulsom,lpoulsomfq@usatoday.com,Genderqueer,2025-06-26,Guatemala
568,Melesa,Agott,magottfr@jiathis.com,Female,2025-07-01,Nigeria
569,Claiborne,Jeacock,cjeacockfs@fda.gov,Male,2025-09-24,Czech Republic
570,Ninon,Gimeno,ngimenoft@free.fr,Female,2025-06-25,Georgia
571,Trudey,Measures,tmeasuresfu@purevolume.com,Female,2025-08-19,Poland
572,Andie,Towsie,atowsiefv@phpbb.com,Non-binary,2025-11-30,Russia
573,Peggy,Frenzl,,Female,2025-07-01,Indonesia
574,Catina,Christiensen,,Female,2025-08-03,China
575,Rivy,Petrov,rpetrovfy@exblog.jp,Female,2025-12-10,China
576,Sadye,Alekseev,salekseevfz@hp.com,Female,2025-12-21,Indonesia
577,Reade,Summerly,,Male,2025-09-06,Ivory Coast
578,Paige,Patis,,Male,2026-03-06,Slovenia
579,Lucien,Garmon,lgarmong2@cdc.gov,Male,2025-09-11,China
580,Neil,Etridge,,Male,2025-09-23,Colombia
581,Izabel,Dever,,Female,2026-03-09,Armenia
582,Cornie,Demange,cdemangeg5@earthlink.net,Male,2026-03-18,China
583,Bendicty,Auguste,baugusteg6@sun.com,Male,2026-01-13,China
584,Bertrando,Mont,,Male,2025-10-25,Canada
585,Stanwood,Yegoshin,,Male,2025-11-08,China
586,Kaela,Gantley,,Female,2025-08-02,Argentina
587,Katharina,Oliva,kolivaga@arstechnica.com,Female,2026-03-17,Indonesia
588,Guilbert,Westrip,gwestripgb@sina.com.cn,Male,2026-02-24,China
589,Lester,Symons,lsymonsgc@trellian.com,Male,2026-05-10,Russia
590,Zita,Dumbellow,zdumbellowgd@walmart.com,Female,2025-10-31,Palestinian Territory
591,Loralie,Jeremaes,ljeremaesge@va.gov,Female,2026-01-17,Germany
592,Alan,Sibbs,,Male,2026-05-24,Brazil
593,Cynthie,Bunten,,Female,2026-05-24,Philippines
594,Leanna,Leverette,,Female,2026-02-18,Bosnia and Herzegovina
595,Lauren,Dysart,,Male,2025-12-08,Indonesia
596,Garwin,Gribble,,Male,2025-09-23,Guatemala
597,Franz,Thynn,fthynngk@reddit.com,Male,2025-08-20,Ukraine
598,Wiley,Woolcocks,wwoolcocksgl@ifeng.com,Male,2025-12-20,Nigeria
599,Cynthy,Saenz,csaenzgm@mail.ru,Female,2026-01-24,Kuwait
600,Estele,Joddins,ejoddinsgn@csmonitor.com,Female,2025-10-18,China
601,Lezlie,Cobley,lcobleygo@privacy.gov.au,Female,2026-02-05,China
602,Lacey,Matcham,,Non-binary,2025-11-23,Russia
603,Magnum,Coo,mcoogq@cdc.gov,Male,2026-05-10,Russia
604,Caty,Playden,,Female,2025-07-07,Indonesia
605,Hersch,Maskew,hmaskewgs@newyorker.com,Male,2025-08-24,China
606,Marji,Billsberry,mbillsberrygt@pagesperso-orange.fr,Female,2025-12-29,Russia
607,Bari,Danelet,bdaneletgu@sohu.com,Female,2026-04-08,Argentina
608,Irvine,Brendeke,ibrendekegv@bizjournals.com,Male,2025-11-13,Brazil
609,Gorden,Bulgen,gbulgengw@va.gov,Male,2025-12-09,Mongolia
610,Stephani,Stuttard,sstuttardgx@acquirethisname.com,Female,2025-06-30,China
611,Maggy,Sprigg,msprigggy@psu.edu,Female,2025-11-03,Uruguay
612,Grethel,Matley,gmatleygz@so-net.ne.jp,Female,2026-05-19,Thailand
613,Ulrika,Oxterby,uoxterbyh0@meetup.com,Female,2025-07-10,Russia
614,Haroun,Rosenstock,hrosenstockh1@i2i.jp,Male,2026-02-15,Nigeria
615,Roby,Waddup,rwadduph2@sciencedaily.com,Female,2025-07-14,Poland
616,Tiffany,Klaus,tklaush3@amazon.de,Female,2025-10-06,Bolivia
617,Aretha,Burren,aburrenh4@pagesperso-orange.fr,Female,2026-02-27,Portugal
618,Murdoch,Stables,mstablesh5@digg.com,Male,2026-06-09,Mexico
619,Lonee,Werendell,lwerendellh6@soup.io,Female,2025-06-27,Sweden
620,Fowler,Scroxton,fscroxtonh7@artisteer.com,Male,2026-03-22,Indonesia
621,Gorden,Hurtado,ghurtadoh8@state.tx.us,Male,2026-01-07,Peru
622,Car,Heaford,cheafordh9@engadget.com,Male,2025-06-26,Philippines
623,Bonnee,Shopcott,bshopcottha@aol.com,Female,2026-02-23,South Africa
624,Katrinka,Chstney,kchstneyhb@squidoo.com,Female,2025-11-14,Mexico
625,Tommy,Bentke,tbentkehc@blogspot.com,Female,2025-12-07,Poland
626,Malvina,Ayrton,mayrtonhd@creativecommons.org,Female,2025-07-18,Guatemala
627,Jerrylee,Mordaunt,jmordaunthe@house.gov,Female,2025-09-20,Japan
628,Minnaminnie,Haddick,mhaddickhf@jimdo.com,Female,2026-06-18,Philippines
629,Eliza,Chard,,Female,2025-09-01,Philippines
630,Alexa,Piletic,,Female,2025-08-18,Argentina
631,Brian,Attow,battowhi@dailymotion.com,Male,2025-07-05,Tunisia
632,Esta,Beddo,ebeddohj@flavors.me,Female,2025-07-06,Indonesia
633,Myra,Doudney,,Female,2025-11-17,Canada
634,Ferguson,Johann,,Male,2026-02-20,Tanzania
635,Scarface,Sharpe,,Male,2025-08-18,Indonesia
636,Sargent,Willment,swillmenthn@shinystat.com,Male,2026-05-17,Colombia
637,Mikaela,Genike,mgenikeho@sun.com,Female,2025-08-11,South Korea
638,Ottilie,Raffan,oraffanhp@dion.ne.jp,Female,2026-03-16,China
639,Kerri,Geane,kgeanehq@blog.com,Female,2026-05-17,Portugal
640,Edlin,Theobald,,Male,2025-07-12,China
641,Mellicent,Corzor,mcorzorhs@etsy.com,Female,2026-05-01,China
642,Dilan,Vogt,,Male,2026-03-16,United States
643,Norrie,Zorzetti,,Male,2026-02-02,China
644,Erin,Belch,ebelchhv@taobao.com,Male,2026-02-10,United States
645,Rustin,Oxberry,roxberryhw@fotki.com,Male,2025-11-08,Finland
646,Norbie,Fountian,,Male,2026-05-09,Venezuela
647,Dorian,Stubbings,dstubbingshy@acquirethisname.com,Female,2025-08-30,Sweden
648,Rodney,Rathjen,rrathjenhz@psu.edu,Male,2025-09-17,China
649,Stacee,Widdowes,swiddowesi0@comcast.net,Male,2025-12-25,Uzbekistan
650,Arv,Avarne,,Male,2026-05-06,Czech Republic
651,Adriana,Langstaff,,Female,2025-07-06,United States
652,Ernesto,Attree,,Male,2025-06-26,China
653,Florida,Prettyjohns,fprettyjohnsi4@t.co,Female,2026-06-07,China
654,Maxi,Bausmann,mbausmanni5@1und1.de,Female,2026-01-17,Philippines
655,Free,MacMaster,fmacmasteri6@delicious.com,Male,2025-08-15,Indonesia
656,Emory,Monkleigh,emonkleighi7@examiner.com,Male,2025-07-31,Ukraine
657,Eva,Stow,estowi8@time.com,Female,2025-12-20,Afghanistan
658,Wylma,Nason,wnasoni9@mlb.com,Female,2026-05-13,China
659,Malinda,Tucker,,Genderfluid,2025-09-10,China
660,Isahella,Ivanovic,,Female,2026-01-27,Poland
661,Anthia,Aldhous,,Genderfluid,2025-07-02,Mauritius
662,Isabelita,Draijer,idraijerid@un.org,Female,2025-08-10,Russia
663,Arty,Coomes,acoomesie@bloomberg.com,Male,2026-05-21,Greece
664,Marley,Armes,,Female,2025-09-06,Argentina
665,Korrie,Normaville,knormavilleig@yale.edu,Female,2026-04-12,China
666,Rosalie,Moran,,Non-binary,2025-06-30,Saint Vincent and the Grenadines
667,Kaia,Curtain,kcurtainii@barnesandnoble.com,Female,2025-07-25,Ukraine
668,Sanford,Sirl,,Male,2025-12-17,Cameroon
669,Erroll,Cluett,,Male,2025-07-25,Venezuela
670,Tracie,Taylot,ttaylotil@furl.net,Male,2025-11-20,Sweden
671,Renelle,Ewers,rewersim@google.it,Female,2026-05-23,Albania
672,Fraser,Armfield,,Male,2025-08-24,Indonesia
673,Ezri,Springtorp,espringtorpio@google.ca,Male,2026-02-05,China
674,Katey,Litton,klittonip@hhs.gov,Female,2026-06-09,South Africa
675,Connor,Mynett,cmynettiq@artisteer.com,Male,2025-06-25,China
676,Haskel,Stroud,hstroudir@toplist.cz,Male,2026-05-04,Canada
677,Bobby,Eby,bebyis@people.com.cn,Male,2026-02-08,Mexico
678,Corbett,Burds,cburdsit@homestead.com,Male,2026-01-24,China
679,Wallis,McCullagh,wmccullaghiu@friendfeed.com,Male,2026-03-10,China
680,Hyatt,Wilmington,,Male,2025-09-03,Comoros
681,Arabelle,Nutley,anutleyiw@fema.gov,Agender,2026-04-09,Zimbabwe
682,Carr,Cromar,,Male,2025-09-08,Indonesia
683,Bartlet,Pottery,bpotteryiy@liveinternet.ru,Non-binary,2025-08-27,Portugal
684,Aile,Lutty,aluttyiz@google.com.hk,Female,2026-04-19,Sweden
685,Alleyn,Munroe,amunroej0@goodreads.com,Bigender,2026-05-04,Poland
686,Zorine,Battrum,zbattrumj1@webeden.co.uk,Female,2025-08-28,Croatia
687,Tarrance,Atrill,tatrillj2@go.com,Genderqueer,2025-11-21,Brazil
688,Datha,Matuszak,dmatuszakj3@oracle.com,Female,2025-11-12,Ukraine
689,Nathan,Trembath,ntrembathj4@rakuten.co.jp,Male,2025-08-07,China
690,Harmonia,Hallihan,hhallihanj5@ning.com,Female,2025-11-17,China
691,Violante,Rayment,,Female,2025-08-10,Indonesia
692,Delainey,Humpherson,dhumphersonj7@cmu.edu,Agender,2026-03-05,Brazil
693,Adara,Ingleston,ainglestonj8@netscape.com,Non-binary,2026-01-12,Indonesia
694,Letta,Haime,,Non-binary,2025-08-30,Bulgaria
695,Devlin,Ert,dertja@unc.edu,Male,2026-03-15,China
696,Sauveur,Antoniades,santoniadesjb@nps.gov,Male,2026-03-31,Mauritius
697,Lonna,Habert,,Female,2026-06-18,Thailand
698,Aprilette,Wildor,awildorjd@gnu.org,Female,2025-11-21,France
699,Nikolas,Guerrier,nguerrierje@digg.com,Male,2025-11-24,Saudi Arabia
700,Griz,Kirkham,,Male,2026-01-05,Greece
701,Esta,Kittredge,ekittredgejg@sohu.com,Female,2025-10-18,Argentina
702,Danit,Currin,,Female,2025-12-26,China
703,Magdalen,Skirving,mskirvingji@about.com,Genderqueer,2025-10-15,Argentina
704,Jessie,Macvain,jmacvainjj@simplemachines.org,Male,2025-12-22,United States
705,Trix,Cordrey,,Female,2026-02-08,Canada
706,Tarah,Gurko,tgurkojl@meetup.com,Female,2026-05-01,Japan
707,Dayle,Swinburne,dswinburnejm@apple.com,Female,2025-07-28,China
708,Karel,Townsley,ktownsleyjn@arizona.edu,Male,2025-10-11,Russia
709,Anabella,Ashpital,aashpitaljo@mapy.cz,Female,2025-08-03,France
710,Augusto,Benzi,abenzijp@wikipedia.org,Male,2025-10-28,China
711,Terence,Hanbury-Brown,,Male,2025-12-14,Bulgaria
712,Connor,Schuelcke,,Male,2025-08-25,China
713,Lucio,Newlan,lnewlanjs@taobao.com,Male,2026-01-28,Philippines
714,Bard,Curdell,,Bigender,2025-07-27,Indonesia
715,Brittany,Ingleson,binglesonju@artisteer.com,Female,2025-08-30,Macedonia
716,Thornton,Asgodby,tasgodbyjv@miitbeian.gov.cn,Male,2026-04-23,China
717,Keely,Seward,,Female,2026-01-01,Egypt
718,Lem,Matthessen,lmatthessenjx@godaddy.com,Male,2026-05-29,Philippines
719,Westbrooke,Dumbreck,,Male,2026-02-25,El Salvador
720,Maggy,Yacobsohn,,Female,2025-12-21,Portugal
721,Beltran,Hugonneau,bhugonneauk0@prnewswire.com,Male,2025-09-24,Russia
722,Artur,Fortie,afortiek1@rediff.com,Male,2026-05-10,Philippines
723,Bondon,Tessier,btessierk2@ox.ac.uk,Male,2025-10-31,Poland
724,Walton,Gamet,wgametk3@bravesites.com,Male,2026-04-02,Philippines
725,Tobit,McIlory,,Male,2026-05-18,Oman
726,Wrennie,Siely,wsielyk5@bravesites.com,Female,2025-11-23,China
727,Kassey,Petherick,kpetherickk6@imdb.com,Female,2026-02-28,Myanmar
728,Shay,Girardet,sgirardetk7@cnet.com,Genderqueer,2026-03-14,Chad
729,Kaspar,Youthed,kyouthedk8@psu.edu,Male,2025-09-06,China
730,Vivianna,Jouhning,,Female,2025-08-17,Ukraine
731,Graeme,Massey,gmasseyka@hao123.com,Male,2026-02-17,New Zealand
732,Thomasina,Etock,tetockkb@a8.net,Female,2025-10-13,Malta
733,Pattie,Wikey,pwikeykc@icq.com,Female,2025-07-22,China
734,Cecile,Marsy,cmarsykd@blogtalkradio.com,Female,2026-04-21,China
735,Stevy,Casero,scaseroke@wsj.com,Male,2026-03-28,Indonesia
736,Marika,Sautter,,Female,2026-06-15,Portugal
737,Ekaterina,Randle,erandlekg@ibm.com,Genderqueer,2026-03-17,Sweden
738,Fawnia,Hestrop,fhestropkh@imdb.com,Female,2025-12-10,United States
739,Linn,Rothera,,Male,2025-10-17,Peru
740,Frants,Moylan,fmoylankj@pcworld.com,Bigender,2025-08-12,Mexico
741,Welsh,Bidmead,wbidmeadkk@altervista.org,Male,2025-12-19,Portugal
742,Hobey,Poston,hpostonkl@illinois.edu,Genderfluid,2026-05-22,China
743,Niles,Redhills,,Male,2025-11-09,Peru
744,Erny,FitzGilbert,efitzgilbertkn@hostgator.com,Male,2026-04-26,Czech Republic
745,Cale,Giacomoni,,Male,2026-03-11,Philippines
746,Nady,Delamaine,,Female,2025-09-03,Indonesia
747,Jolee,Gridon,jgridonkq@oracle.com,Female,2025-07-16,Brazil
748,Erinna,Hegg,,Female,2025-08-15,Malaysia
749,Kale,Merlin,kmerlinks@yahoo.com,Male,2025-07-27,China
750,Izabel,Matchett,imatchettkt@cam.ac.uk,Female,2026-01-14,Brazil
751,Arman,Pedley,apedleyku@desdev.cn,Male,2025-11-18,Indonesia
752,Malena,Zellick,mzellickkv@cmu.edu,Polygender,2025-10-07,Japan
753,Maurise,Galletley,,Male,2026-04-25,China
754,Cortney,Persicke,cpersickekx@discuz.net,Female,2025-11-20,China
755,Ricky,Degoe,,Female,2025-11-19,China
756,Toiboid,Woolgar,twoolgarkz@flavors.me,Male,2025-12-01,Philippines
757,Allyn,Brownill,,Female,2025-08-12,Indonesia
758,Gustavus,Petheridge,gpetheridgel1@kickstarter.com,Male,2025-09-22,Nigeria
759,Sophi,Grouse,sgrousel2@soundcloud.com,Female,2025-10-05,Indonesia
760,Marilyn,Kleinstein,mkleinsteinl3@mysql.com,Female,2025-11-19,France
761,Rudolf,Cove,rcovel4@toplist.cz,Male,2025-12-06,Brazil
762,Tynan,Parlott,,Male,2025-11-06,Canada
763,Farlee,Spaven,fspavenl6@naver.com,Male,2025-12-26,Ukraine
764,Dillon,Fludder,dfludderl7@behance.net,Male,2026-01-31,Cuba
765,Quinton,Lake,qlakel8@storify.com,Male,2025-07-02,Nigeria
766,Michell,Philpott,mphilpottl9@xinhuanet.com,Genderfluid,2026-03-04,Indonesia
767,Currey,Radwell,cradwellla@accuweather.com,Male,2025-12-16,Philippines
768,Renae,Gowen,,Female,2026-03-17,Norway
769,Letizia,Struis,,Female,2026-01-26,Kazakhstan
770,Rosita,Pedden,rpeddenld@netlog.com,Female,2025-09-17,Netherlands
771,Ephraim,Twatt,etwattle@vk.com,Male,2025-08-03,Russia
772,Griff,MacGahey,gmacgaheylf@msu.edu,Male,2025-09-09,Mayotte
773,Carena,Tarbet,ctarbetlg@amazon.com,Female,2025-07-13,Colombia
774,Van,Wigin,vwiginlh@163.com,Female,2025-12-25,Russia
775,Devlen,Scain,,Male,2025-07-12,Norway
776,Shandy,de Leon,,Female,2025-08-01,Sudan
777,Magnum,Colbert,mcolbertlk@seattletimes.com,Male,2025-09-27,Brazil
778,Leena,Fellenor,,Polygender,2026-01-28,United States
779,Hill,Shepherdson,hshepherdsonlm@cam.ac.uk,Male,2025-09-18,Afghanistan
780,Konstanze,Saladin,ksaladinln@stumbleupon.com,Female,2025-12-29,China
781,Marius,Appleford,,Male,2025-12-10,Brazil
782,Anitra,Fasey,,Female,2025-11-07,Bosnia and Herzegovina
783,Arthur,Moynihan,,Male,2025-11-02,China
784,Rey,Waulker,,Male,2025-11-04,Canada
785,Gina,Slader,gsladerls@t.co,Female,2025-10-04,Nepal
786,Bertine,Abella,,Female,2026-01-26,Thailand
787,Kameko,Junes,kjuneslu@tripadvisor.com,Female,2026-01-24,China
788,Garv,Varden,gvardenlv@rakuten.co.jp,Male,2025-12-04,Thailand
789,Andrus,Kanzler,,Male,2026-05-09,Sweden
790,Barby,Hedde,,Female,2026-06-20,Japan
791,Heinrik,Boyan,hboyanly@google.com.hk,Male,2025-12-29,Ethiopia
792,Hester,Abbs,habbslz@army.mil,Genderqueer,2026-06-23,Guatemala
793,Knox,Stienton,kstientonm0@bing.com,Bigender,2026-04-08,El Salvador
794,Kerwin,Filyashin,,Agender,2025-12-27,China
795,Andrea,Melliard,amelliardm2@weibo.com,Male,2026-02-02,Thailand
796,Gerri,Errichi,gerrichim3@mail.ru,Male,2026-02-27,Portugal
797,Gustave,Surgener,,Male,2025-09-24,Philippines
798,Jeanine,Coddington,,Female,2026-02-24,Swaziland
799,Lorrin,Carss,lcarssm6@apache.org,Female,2025-12-13,Albania
800,Jim,Testo,jtestom7@cbslocal.com,Male,2026-06-20,Norfolk Island
801,Borden,Zelner,bzelnerm8@livejournal.com,Polygender,2025-07-01,Cuba
802,Stacee,Woodyatt,,Male,2025-12-08,China
803,Abrahan,Miskelly,,Agender,2025-08-16,Poland
804,Phil,Nappin,pnappinmb@prweb.com,Female,2026-05-11,Georgia
805,Karlene,Higgoe,,Female,2026-02-16,China
806,Nora,McSkin,nmcskinmd@vinaora.com,Female,2026-04-22,Indonesia
807,Carlina,Grewe,cgreweme@cafepress.com,Female,2026-06-14,Russia
808,Randi,Enderson,rendersonmf@drupal.org,Male,2025-10-19,Indonesia
809,Gail,Vacher,gvachermg@newsvine.com,Female,2025-10-13,China
810,Bo,Cristofori,bcristoforimh@ucla.edu,Male,2026-03-13,Namibia
811,Helga,Mattheissen,hmattheissenmi@wikispaces.com,Female,2025-10-22,Russia
812,Morse,Flaxman,mflaxmanmj@accuweather.com,Male,2025-07-18,Thailand
813,Niccolo,Strapp,nstrappmk@cam.ac.uk,Genderqueer,2026-03-25,China
814,Kati,Coite,kcoiteml@merriam-webster.com,Female,2025-07-02,Sweden
815,Elwin,Norwood,enorwoodmm@reference.com,Male,2025-11-28,China
816,Davina,MacNeachtain,,Female,2026-01-08,Indonesia
817,Mady,Dering,mderingmo@paypal.com,Female,2026-05-05,China
818,Halie,Skentelbery,,Female,2026-05-27,Sri Lanka
819,Norman,Lossman,nlossmanmq@nature.com,Male,2025-07-09,Philippines
820,Lucio,Bolwell,lbolwellmr@desdev.cn,Male,2026-03-15,Greece
821,Lorain,Worsley,,Genderfluid,2026-04-08,Czech Republic
822,Wallis,Quartly,wquartlymt@huffingtonpost.com,Male,2026-03-04,Republic of the Congo
823,Orville,Blazic,oblazicmu@constantcontact.com,Male,2025-08-05,Poland
824,Iorgo,O'Dowgaine,,Male,2025-12-16,China
825,Toby,Braidford,,Male,2025-09-02,China
826,Laurette,Wormald,lwormaldmx@angelfire.com,Female,2026-02-06,Mexico
827,Nikkie,Stanlike,,Female,2025-10-09,Tanzania
828,Derrik,Mote,,Male,2025-08-14,Colombia
829,Josi,Duckhouse,,Female,2026-01-13,China
830,Clare,Bottoms,cbottomsn1@ning.com,Male,2025-12-27,Argentina
831,Iseabal,Lahrs,,Female,2025-09-16,Sri Lanka
832,Adore,Waldie,,Female,2026-03-24,Indonesia
833,Ferne,Flippelli,,Female,2025-07-19,Spain
834,Mallory,Taudevin,mtaudevinn5@utexas.edu,Male,2025-12-03,Kuwait
835,Ayn,Cleatherow,acleatherown6@free.fr,Female,2026-05-03,Vietnam
836,Anthia,Negri,,Female,2026-04-13,Russia
837,Sandro,Smallman,ssmallmann8@mit.edu,Male,2026-06-22,United States
838,Adela,Wrathmell,,Female,2026-02-03,Russia
839,Camel,Adrienne,cadriennena@un.org,Female,2025-12-24,Mexico
840,Zora,Findon,,Female,2025-07-11,Portugal
841,Antoine,Beecham,abeechamnc@skyrock.com,Male,2025-12-05,United States
842,Jeana,Goodreid,jgoodreidnd@npr.org,Female,2025-10-21,New Zealand
843,Phip,Goring,pgoringne@networksolutions.com,Male,2025-07-31,Indonesia
844,Constantino,Aronowitz,,Male,2026-04-17,Russia
845,Joachim,Habble,,Male,2025-09-19,Philippines
846,Giordano,Stockin,gstockinnh@springer.com,Male,2026-05-08,China
847,Clovis,Penreth,,Female,2025-12-03,Morocco
848,Katharyn,Enstone,kenstonenj@mac.com,Female,2025-08-02,France
849,Chery,Candlin,ccandlinnk@paypal.com,Female,2026-02-06,Gambia
850,Kermie,Milliere,kmillierenl@narod.ru,Male,2025-10-18,Philippines
851,Gweneth,Drei,gdreinm@deliciousdays.com,Female,2025-09-19,Poland
852,Aimee,Piche,apichenn@ycombinator.com,Female,2026-05-14,Ethiopia
853,Burlie,Horrell,bhorrellno@blinklist.com,Male,2026-04-10,Argentina
854,Vanda,Arnely,varnelynp@edublogs.org,Female,2025-12-04,Belarus
855,Andrus,Ventom,aventomnq@feedburner.com,Male,2025-11-01,Macedonia
856,Candy,Staniford,cstanifordnr@admin.ch,Female,2025-11-10,Greece
857,Leah,Boadby,lboadbyns@examiner.com,Female,2025-09-17,Cuba
858,Silvano,Golsby,sgolsbynt@weebly.com,Male,2026-06-18,Poland
859,Teddie,Colpus,tcolpusnu@uiuc.edu,Female,2025-11-08,Philippines
860,Clara,Claridge,cclaridgenv@amazon.co.jp,Female,2026-05-31,Brazil
861,Granville,Helkin,,Male,2025-09-23,China
862,Cindie,Bloschke,cbloschkenx@umich.edu,Female,2026-01-16,Brazil
863,Katleen,Tapply,ktapplyny@disqus.com,Female,2025-11-12,China
864,Minna,Gilstoun,,Female,2025-12-25,Indonesia
865,Maud,Sparling,msparlingo0@homestead.com,Female,2025-09-19,Netherlands
866,Giacopo,Haggus,,Male,2025-09-20,China
867,Theresa,Casier,tcasiero2@buzzfeed.com,Female,2026-02-27,South Africa
868,Cesar,Passion,cpassiono3@bbb.org,Male,2026-05-03,China
869,Kalle,Girtin,,Male,2025-07-30,Russia
870,Brendin,Askin,baskino5@theatlantic.com,Male,2025-08-04,China
871,Maryanne,Sushams,,Female,2025-11-04,Croatia
872,Wolfy,Fallawe,wfallaweo7@over-blog.com,Male,2026-03-25,China
873,Silvester,Kilbee,,Genderqueer,2026-01-09,France
874,Westbrook,Rossbrooke,wrossbrookeo9@twitter.com,Male,2025-11-16,Colombia
875,Rollin,Sowrah,rsowrahoa@theatlantic.com,Male,2026-03-21,Portugal
876,Giordano,Bulcock,,Male,2026-06-02,Russia
877,Walker,Myrkus,wmyrkusoc@ibm.com,Male,2025-10-17,Russia
878,Roderick,Delong,rdelongod@discuz.net,Male,2025-11-02,Poland
879,Aundrea,Danne,adanneoe@webs.com,Female,2025-08-08,Portugal
880,Tamiko,Mesnard,,Female,2026-04-06,China
881,Carly,Pietruschka,cpietruschkaog@auda.org.au,Female,2025-11-27,Indonesia
882,Ardis,Bunting,abuntingoh@theatlantic.com,Genderqueer,2025-10-21,Philippines
883,Devonna,Drever,ddreveroi@jalbum.net,Female,2026-04-25,Israel
884,Beatrix,Niaves,bniavesoj@auda.org.au,Female,2026-01-19,Burkina Faso
885,Guthry,Ryde,grydeok@cocolog-nifty.com,Male,2025-09-13,Philippines
886,Mart,Bonnar,,Male,2026-03-21,Myanmar
887,Justina,Dudenie,jdudenieom@prweb.com,Agender,2026-03-16,China
888,Berna,Scrowson,,Female,2026-04-14,China
889,Robbie,Driussi,rdriussioo@ox.ac.uk,Female,2025-09-09,China
890,Ludovika,Postin,,Female,2025-11-06,Vietnam
891,Seka,Sunley,ssunleyoq@scientificamerican.com,Female,2026-03-28,Jamaica
892,Dov,Rodders,droddersor@stanford.edu,Male,2026-01-12,Argentina
893,Gerhard,Rew,grewos@army.mil,Male,2026-04-14,Switzerland
894,Morris,Lauthian,mlauthianot@jimdo.com,Male,2026-04-26,Austria
895,Barnaby,Sandwick,,Male,2026-01-09,Russia
896,Sharia,MacNish,,Female,2026-06-02,China
897,Olympe,Reichartz,oreichartzow@freewebs.com,Female,2025-08-08,Portugal
898,Windy,Skeemor,,Genderqueer,2026-01-17,Thailand
899,Laryssa,Temblett,ltemblettoy@spotify.com,Agender,2026-02-27,Sweden
900,Dicky,Mussington,dmussingtonoz@sciencedirect.com,Male,2026-05-24,Russia
901,Merwyn,Castiblanco,mcastiblancop0@acquirethisname.com,Male,2026-01-28,United States
902,Idalina,O' Driscoll,iodriscollp1@dell.com,Female,2025-11-10,Portugal
903,Hans,Gini,,Male,2025-11-25,Russia
904,Baldwin,Darell,bdarellp3@goodreads.com,Male,2025-11-23,China
905,Amelina,Blyde,,Female,2026-03-06,Argentina
906,Hewe,Abramovitch,habramovitchp5@t.co,Male,2025-12-31,Portugal
907,Sharia,Pagon,spagonp6@ed.gov,Female,2025-11-06,China
908,Sela,Plumptre,,Female,2026-01-11,Colombia
909,Saunder,Tatersale,,Male,2026-06-23,China
910,Norman,Stobo,nstobop9@bloglines.com,Male,2026-01-06,Belarus
911,Randi,O'Hdirscoll,rohdirscollpa@chron.com,Female,2026-02-03,China
912,Aldo,Thrush,athrushpb@webmd.com,Male,2026-04-11,Indonesia
913,Wilfred,Cosbee,,Male,2025-07-20,Sweden
914,Eberto,Newham,,Male,2025-07-23,Russia
915,Brina,Skittrell,,Female,2025-09-14,Indonesia
916,Niko,Sarjant,,Male,2026-03-06,China
917,Rodina,Osgarby,,Female,2026-03-17,China
918,Bentley,Crunkhorn,bcrunkhornph@vistaprint.com,Male,2025-09-18,Poland
919,Lauryn,Grivori,lgrivoripi@indiatimes.com,Polygender,2026-02-09,Brazil
920,Ferdy,Frediani,ffredianipj@domainmarket.com,Male,2026-04-22,Marshall Islands
921,Ivett,Sherrard,isherrardpk@bloomberg.com,Female,2025-10-12,Argentina
922,Balduin,Tesimon,btesimonpl@biglobe.ne.jp,Male,2025-09-18,Czech Republic
923,Roman,Couche,rcouchepm@comcast.net,Male,2026-03-07,China
924,Kathi,Antecki,kanteckipn@pen.io,Female,2026-03-12,Afghanistan
925,Constantino,Chelnam,cchelnampo@youku.com,Male,2026-05-18,China
926,Josias,Raggatt,,Male,2025-11-13,Philippines
927,Farrell,Amoss,famosspq@oakley.com,Agender,2025-12-10,Philippines
928,Eric,Hakewell,ehakewellpr@ow.ly,Male,2026-02-05,Indonesia
929,Chaim,Roylance,,Male,2025-11-12,Indonesia
930,Heath,Chancelier,,Male,2025-10-15,Indonesia
931,Rowena,McGrouther,rmcgroutherpu@discovery.com,Female,2026-06-05,Mexico
932,Frazer,Lidington,flidingtonpv@t-online.de,Male,2025-12-24,China
933,Catie,Fairweather,cfairweatherpw@nymag.com,Female,2026-02-15,Russia
934,Serena,Kayes,skayespx@yolasite.com,Non-binary,2026-02-08,Germany
935,Bendicty,Stading,bstadingpy@yellowbook.com,Male,2025-11-29,Albania
936,Zed,Minichi,zminichipz@ow.ly,Male,2026-01-03,Colombia
937,Katherina,Wulfinger,kwulfingerq0@cbc.ca,Female,2026-03-14,Mexico
938,Barny,Spellman,bspellmanq1@google.com.br,Male,2025-07-15,Japan
939,Cesya,Batterson,cbattersonq2@google.com.hk,Female,2025-06-27,Tunisia
940,Timmy,Neylon,,Female,2026-05-06,Panama
941,Roy,Stutter,rstutterq4@merriam-webster.com,Male,2025-06-29,Poland
942,Angy,McQuilliam,amcquilliamq5@oaic.gov.au,Female,2025-07-17,Russia
943,Angelo,Welsh,awelshq6@about.me,Male,2025-12-19,Argentina
944,Robinetta,Corradi,rcorradiq7@example.com,Female,2026-06-05,China
945,Vivie,Escudier,,Female,2025-10-20,Philippines
946,Margette,Burnep,,Female,2025-12-10,Poland
947,Nigel,Guynemer,nguynemerqa@addtoany.com,Male,2026-06-09,Indonesia
948,Leigh,Petrenko,,Male,2026-01-31,China
949,Mahmud,Schimek,mschimekqc@time.com,Male,2026-02-18,Palestinian Territory
950,Georgeanna,Sawl,,Female,2025-09-27,Portugal
951,Tuck,Kisting,,Genderqueer,2026-03-15,Denmark
952,Dominga,Gasson,dgassonqf@macromedia.com,Female,2025-11-25,Serbia
953,Darb,Ifill,difillqg@ustream.tv,Male,2026-04-10,Kyrgyzstan
954,Ferris,Lisamore,flisamoreqh@over-blog.com,Male,2026-05-03,Russia
955,Reider,Glynn,rglynnqi@taobao.com,Male,2025-07-26,Indonesia
956,Salomi,Vanyashin,svanyashinqj@behance.net,Female,2026-01-31,Czech Republic
957,Ginevra,Dulanty,gdulantyqk@icio.us,Female,2026-02-23,Ukraine
958,Irena,Towson,itowsonql@friendfeed.com,Female,2025-10-24,Brazil
959,Willyt,Venn,,Female,2026-04-22,United States
960,Hestia,Pilgrim,hpilgrimqn@reference.com,Female,2025-07-30,China
961,Abelard,Gadney,,Male,2026-01-16,Ireland
962,Benyamin,Valde,bvaldeqp@clickbank.net,Male,2025-11-08,France
963,Florida,Pennini,fpenniniqq@instagram.com,Female,2026-03-03,Canada
964,Jessy,Abram,jabramqr@seattletimes.com,Female,2025-11-29,Japan
965,Chelsae,Burchett,cburchettqs@dailymail.co.uk,Genderqueer,2026-05-10,Sweden
966,Aleece,Wands,,Female,2026-01-17,China
967,Toiboid,Caughan,tcaughanqu@woothemes.com,Genderfluid,2026-06-09,Indonesia
968,Iggy,Dufty,,Male,2025-07-11,China
969,Gwendolin,Dowdle,,Female,2026-06-19,Burkina Faso
970,Lynnell,Morgue,lmorgueqx@51.la,Genderqueer,2025-11-02,Russia
971,Nicole,Berntssen,nberntssenqy@unblog.fr,Female,2025-08-04,China
972,Ashia,McIlheran,,Female,2025-11-09,Israel
973,Torey,Summersby,tsummersbyr0@hud.gov,Female,2026-05-31,Russia
974,Teodoro,MacMoyer,tmacmoyerr1@gmpg.org,Male,2025-12-26,Indonesia
975,Artemus,Carlesi,acarlesir2@squarespace.com,Male,2025-10-20,China
976,Ynez,Koschek,ykoschekr3@disqus.com,Female,2025-12-20,Philippines
977,Tana,Beeden,tbeedenr4@ftc.gov,Female,2025-10-27,Philippines
978,Charlotte,Leythley,cleythleyr5@drupal.org,Female,2026-04-27,Philippines
979,Daisie,Kew,dkewr6@furl.net,Female,2026-05-20,China
980,Wilbur,Grant,wgrantr7@usa.gov,Male,2026-04-30,Russia
981,Viviana,Avrahamian,,Female,2025-11-27,Nigeria
982,Rosalia,Scholz,rscholzr9@phoca.cz,Female,2026-02-10,Nicaragua
983,Grata,Worsley,gworsleyra@bravesites.com,Female,2025-12-20,France
984,Gabriel,Korpolak,gkorpolakrb@spiegel.de,Male,2026-06-20,China
985,Ailina,Eltringham,aeltringhamrc@goodreads.com,Female,2025-11-20,Indonesia
986,Gib,Baldelli,gbaldellird@php.net,Genderqueer,2025-09-01,Japan
987,Kermit,Cardinale,kcardinalere@theatlantic.com,Male,2026-01-22,Russia
988,Gerome,O'Heneghan,goheneghanrf@pagesperso-orange.fr,Male,2026-01-13,Brazil
989,Bessy,Melmeth,bmelmethrg@wikispaces.com,Female,2026-05-30,Jordan
990,Joseito,Hartman,,Male,2026-04-28,Indonesia
991,Harlin,Lauxmann,hlauxmannri@wisc.edu,Male,2025-08-06,United States
992,Lois,Kastel,,Female,2026-01-10,Russia
993,Franky,Luquet,fluquetrk@ask.com,Female,2026-06-15,Senegal
994,Vance,Dawltrey,,Male,2025-09-02,Indonesia
995,Milzie,Hale,mhalerm@scientificamerican.com,Female,2026-01-05,China
996,Adair,Dracksford,adracksfordrn@friendfeed.com,Male,2025-07-23,Cyprus
997,Nahum,Dillet,ndilletro@kickstarter.com,Male,2026-01-24,Poland
998,Ofella,Powe,,Female,2026-03-14,France
999,Rici,Beseke,,Female,2025-09-03,Libya
1000,Daryle,Kemsley,,Genderfluid,2026-03-27,Afghanistan
